alive;hash;dn
dsc:sc5u346if5uic4vwxjqrwyzt36sfg3bqf3rdk2jjeqakj7fa7qdq?dn=Another%20World%20Is%20Possible
dsc:kjawj6dwvcutvwddqw3uocudiaanrjdcofcwx3lo24fp2ns6vwua?dn=The%20Torrent%20Cache
dsc:yw7epslqjexomoldcqffoyuiittfeyra63uk6ugsdztaa44trzuq?dn=Books
dsc:cqtrmrfvac3nta3ndtoo3n2trq6wxa6aef7bleragj4evcjvcscq?dn=Tixati%20User%20Group%20-%20Help%20and%20Support
dsc:myky2qzg53mkct5qgy2pbkzib34cbt55lwyzdzgybgk3n3hq44bq?dn=Electronic
dsc:ta4jxveq5fqz4leabelkaslvo5kare3cco4fvs2sx53aukqxtvpa?dn=%CE%A9%20|Î©_
dsc:wzjxxx5durmofnad7vov7dphyunazkcfgmf3x6yvxpeopkcyhiiq?dn=Test%20CHannel
dsc:f4r4o2ex35nzt5zqwva5nxgu3iixg5zbjshlybchc45kq6byf2sq?dn=INFOWARS
dsc:ji3w5tdkwhhmxzxogmhjelymykhtft276b45t5i3dog5vhnpzqma?dn=Classics%20TV%20and%20Movies
dsc:x27zarqgh4c6zkccjwluek6gmuopuzxrgahl3v2jvmq6gyix67lq?dn=LiNuX
dsc:k3ocbbymeykav56vabbcvf3nmx7wrps2qmdwak6deemrwixgxhqq?dn=Rick%20and%20Morty
dsc:duivzxfukeozxi7nqoxef5tgh2npjczizdlmshqdl3qno3ddpa2q?dn=The%20Tom%20Leykis%20Show%20Room
dsc:7drbucv6xicbkl5wejuablaixly4mwkzdwd6ykujzvdbsoitgjva?dn=%E2%96%82%E2%96%83%E2%96%85%E2%96%86%E2%96%87%E2%96%93%20Other%20Worlds%20Are%20Possible%20%E2%96%93%E2%96%87%E2%96%86%E2%96%85%E2%96%83%E2%96%82
dsc:uwb247cbsrqql6c2tl2lvlvguvnkqpg7wbv7qvzkaoyrrjzotp3q?dn=%D0%A0%D1%83%D1%81%D1%81%D0%BA%D0%BE%D0%B5%20%D0%A0%D0%B0%D0%B4%D0%B8%D0%BE
dsc:sv3ao7ihltuolaijdanw3zrwxq4k64dpet7uuhissfq55jb6prja?dn=Anime
dsc:piprlmhkbu3gklqresc2g4fvglwljsdogyzim5mzh7eiiskcwixq?dn=%E2%96%82%E2%96%83%E2%96%85%E2%96%86%E2%96%87%E2%96%93%E2%96%91%E2%96%BA%20FOPNU%20%E2%97%84%E2%96%91%E2%96%93%E2%96%87%E2%96%86%E2%96%85%E2%96%83%E2%96%82
dsc:ljjicft3gfgmnlpdivqfv3yfjfarrlxvmnbp2mx6ao2tu34sywka?dn=Super%20Simple%20Server
dsc:2u7altl2sd2qy7h2d6emmabxpyutnpsqunkkmufmlrhdgcgpu4ua?dn=Sexati
dsc:4vp6lx7plbkunxyj2n6ohdchqlejz4454wd6wtreq62p3bzrp42a?dn=blub
dsc:duw7fkp2hh3e5ykeb7diolkvrqjepgan4lnammlb3wfewcbtnv5a?dn=%E4%B8%AD%E6%96%87%E5%88%86%E4%BA%AB
dsc:gderlcloelr5wwiykdo5muotdvilrnirayed7n67u34spfnx5moa?dn=CHANNEL%20X
dsc:3jcslvumy4f4u44nk575tcznbkreyhvtv4qhbrvvutq2cp3zldna?dn=Monstercat%20FM%20Video
dsc:4b767j6aaus7727vkcatm34suyd6vqv76atvofvuni6e3x7zr47q?dn=key%3Dfbyock32azdpsitz6qt4pm4oom2nrzjytt7rm6q5ymhhh6bgwzbq
dsc:ttrbgfccuxpx2lbgdwh55nl5myxl2wc7nzi7xy5rdokbiuxtigza?dn=Channel%20Key%20%3D%20%22Key%22|Channel%20Key%20%3D%20%22Key%22
dsc:yok7cjaur32z2osgzafvpenhj755kf45okdjtyq5dnw5ipgc7afq?dn=Radio%20Tell%20-%20Swiss%20Folk%20Music
dsc:tbqea2ix6atx3b6cx2h3o6hmiofbgzxxtgnyxqrewnin7abmuchq?dn=%C8%BA%D2%8A%E2%82%B3%C6%A6%E2%82%A1%C4%A6%C2%A5
dsc:r4fn2qiat7eaqj7y64kj2zmjqmxnyshq43sr6g73op6hogaza4tq?dn=%E2%96%82%E2%96%83%E2%96%85%E2%96%86%E2%96%87%E2%96%93%E2%96%91%E2%96%BA%20Scripts%20%D0%AF%20Us%20%E2%97%84%E2%96%91%E2%96%93%E2%96%87%E2%96%86%E2%96%85%E2%96%83%E2%96%82
dsc:xg3dsnnq2ondytg34rpzmyddexx7j66s6dyjugporc7ariangfoq?dn=Terrorist%20Training%20Camp
dsc:gfswmpwvvbdkujpajxf4d4pk75jbgj3cngkelny5paydyk4w6coa?dn=Science
dsc:33rommaupu44kxmpykvhzxswqf3dqccmuhfrwsu7xvqkewr32z4q?dn=hash%28title%29
dsc:q7jujp5j77e5ffgsf6wscomqm2sitslef5jp3xysaw3gc2ibstxa?dn=Satisfactory%20Soundtrack
dsc:xdxjcw4m7n44ftpjbsnvnhpro7okwlrtde6tsx3ukuiv2lnfxylq?dn=Lucid%20Dreaming
dsc:stohcoazrbnijjoqcrhcove43ucgo5z6czg35ls7v6as4xq6e35q?dn=hashme
dsc:clrb6ieculojj2yppm7czzbnx7znbqf3n454q4weoosq3huhjqrq?dn=Vintage%20Radio
dsc:iqztwyxkd3u7lx2sp4eulqbvffig2d46vs7ygdrmkis6bhunsada?dn=http%3A%2F%2Fforums.mvgroup.org%2Findex.php%3Fshowtopic%3D73246
dsc:hoq27sors2qmyuwrmbbm6vfnqfnfrizap6h3zpgfmry744ehzwla?dn=draatman%27s%20channel
dsc:yrbdbbfeyicn7ue2eqhwehgcjc7g5ai3fwh6s4xt56bynpy5b7hq?dn=katz.sx
dsc:ajrwf3k3c72ghbce442zcotkhxv5vzpefm3mhg2pjmlftituqe3a?dn=Limit%20party
dsc:aliz6wad6jxlcto67cwtraz5zpqju5fnvauejg4gnfik5o6pvaga?dn=https%3A%2F%2Fwww.limetorrents.me%2F
dsc:2eeelcpynb6we7woy2lv5sga3uuoj4mcu4z5lc2ez6rddgi77vna?dn=ebook
dsc:gnvp43i33aybv6onk3wxj6rsk7itbt4wjopmxgfpfcjcbquvxfza?dn=Test%20ASS
dsc:5zxxwakkdfenhh6zprqu5lqhsbtyl2vizvhc5mh4hehzc2g7rwra?dn=pass
dsc:wb4aglhbalchuyohyamfdfree3oijfdg4s26pqueqvce6nvur2uq?dn=MDC
dsc:dhihkkvxvjsyqom2c3eoq5br6dgning2iks5zvzzbu6o4d7cjp6q?dn=https%3A%2F%2Fthepiratebay.org%2Ftorrent%2F15587317%2FWarcraft_2016_720p_BrR
dsc:dfnqhupi3yqzlijbtpnlbrqkasd4p243cs5ksyb67y6yyxcvb74q?dn=DataRecovery
dsc:lkyxvbuozzu4ogzsiqbumpwaf6oyuilme2w6cmf7g6w4k4gfb4iq?dn=magnet%3A%3Fxt%3Durn%3Abtih%3Ae6d7c0a995977532c55edc5b63ef621d24181f62%26dn%3D
dsc:yg7lulnxf6gmx4wo2pi2fbv6kxhpocqmix3qvpx7qkmz23a2ajha?dn=https%3A%2F%2Fwww.imdb.com%2Ftitle%2Ftt3766354%2F
dsc:mihr626zyahxxe3zwq3yqx7ths3ugkdqv22uzpy6eico6mt6yhbq?dn=ComicCat
dsc:kacncn7uhinzs3qlq5w3nj3isdbjnosf4lxgtw5sqodog7vh4dpa?dn=1377x
dsc:lsteuznbknyeq5ikgqtosanwsisbzfmusunyyjjfjnxcqsyfcu6q?dn=magnet%3A%3Fxt%3Durn%3Abtih%3A584b4e4981feda81f87bc25da2d10c0fa043f1b2
dsc:n65we66plyier3w6c25jt6vyttgphmu3sjlbtnw6k77t67r4by2q?dn=http%3A%2F%2Fshowrss.info%2Fuser%2F30760.rss%3Fmagnets%3Dtrue%26namespaces%3Dtrue%26
dsc:u4dublqgp225v4jidu4gtiucsaoepqcdsdujh2dc5goys5q3i2gq?dn=Ukraine
dsc:u5vfbck3mxrl5xdzxnrxzb7p52jxktnuy6z6qr2z7pa7oitejgea?dn=udp%3A%2F%2Ftracker.yoshi210.com%3A6969%2Fannounce
dsc:m6jwude6ni7rhdqsf6azt55lk3j5fdqknycicxbf52l5zheyncna?dn=udp%3A%2F%2Ftracker.torrent.eu.org%3A451%2Fannounce
dsc:sb7rbm2pner4kl3rjnqj6nw4444ltnobvhnoaanp55bnqiogl3pq?dn=udp%3A%2F%2Ftracker.cyberia.is%3A6969%2Fannounce
dsc:icstssza6q2oqpqt6ewxp5mnfxhywjefq6dmpbduftxk4qhbq7ja?dn=udp%3A%2F%2Ftracker.internetwarriors.net%3A1337%2Fannounce
dsc:bp2gv7nnrnqiom7obgcyic5jriocdvje3o6alfbc4awsf4sa7a5a?dn=udp%3A%2F%2Fopen.demonii.si%3A1337%2Fannounce
dsc:lkj5i44zh2xngff4dwl6qrkaoewywqxagyugiimpfcjn5rslgh7q?dn=git%20clone%20http%3A%2F%2Fwww.github.com%2Fngosang%2Ftrackerslist
dsc:ehahbtx6sxzy2bei4ro6mmbl657xnjhqyl4zzyo5isxjx66t56ma?dn=The%20Warlords%20%282007%29
dsc:g3feywa744lnvl32itdal5cwjimp72mlpu7cgvhsaicumetpvora?dn=udp%3A%2F%2Ftracker.tiny-vps.com%3A6969%2Fannounce
dsc:7uuj7cli7pffuvewafxx5lmzrjychfzobpnaz7lurjrueobea3nq?dn=udp%3A%2F%2Ftracker.coppersurfer.tk%3A6969%2Fannounce
dsc:thku6qmobb7jry5w2mtkjcnph7acgu4saievlj6gyvb3ulcznp7q?dn=git%3A%2F%2Fwww.github.com%2Fngosang%2Ftrackerslist.git
dsc:mcnykwby63276fvjzeldgpskwcxokrwknipepp7zx6flgjkv4rya?dn=kouchpoteto
dsc:3h6m4ifuzrdhlhdg63u67vqwhmqhbwopa35zt5q4zbtk24psodsa?dn=udp%3A%2F%2Fexplodie.org%3A6969%2Fannounce
dsc:pk32d5taq4cl4p37u2srdau4vdblbo7bpx6xzblxzhp7mp3ddqca?dn=udp%3A%2F%2F9.rarbg.me%3A2710%2Fannounce
dsc:fw553zldauq23n3qdf6ctthu6zvlsjgvow6g6hl4im5oirikjtta?dn=%24%20svn%20co%20--depth%20empty%20http%3A%2F%2Fwww.github.com%2Fngosang%2Ftrackerslis
dsc:wydm55b7ol2ilsxrrb4byaz73yllh443bwwb4nipjdysoepw3tlq?dn=udp%3A%2F%2Fipv4.tracker.harry.lu%3A80%2Fannounce
dsc:awl4mobmpnn6u7hajtov66ueuqg5vpettpqypmb2zbgyo4mwindq?dn=udp%3A%2F%2Fvalakas.rollo.dnsabr.com%3A2710%2Fannounce
dsc:tzjem4dni5tzsgjxiguktonwj56fdi3y6gw7fbbuc265syrqiaiq?dn=http%3A%2F%2Fwww.torrent9.red%2F
dsc:a42uro7m3fln77kfdjeyugfu3fgfzs7zdnnztcddvstl5lj54ypq?dn=https%3A%2F%2Fo2tvseries.co.za%2Fdownload%2F74143%2Fthe-good-doctor-s03e11.h
dsc:ktoevcqtu7k6t5ui57ymb3nj5uzk7pncx7wbmhxswjs7qqcns53a?dn=udp%3A%2F%2Ftracker3.itzmx.com%3A6961%2Fannounce
dsc:t35ndblmvj5ta6gojvaa4cbnzt6xtoof3i2a2fjp5kk3tzkncifq?dn=udp%3A%2F%2Fdenis.stalker.upeer.me%3A6969%2Fannounce
dsc:h2ll6mtaynzch4uvtwqzue5rekw65fdxrtdtlu6yqm6pr5x7t5mq?dn=udp%3A%2F%2Fexodus.desync.com%3A6969%2Fannounce
dsc:2pnktdsqvavhrfbmaey55ph37fksjtfhle2ubfcps7km2mc46zfq?dn=udp%3A%2F%2Ftorrentclub.tech%3A6969%2Fannounce
dsc:a6nvgy6msrajx3y4gp4vrshgrt7f5vkalxdf3yrga4e2w3cw7uma?dn=udp%3A%2F%2Ftracker.opentrackr.org%3A1337%2Fannounce
dsc:itvwxqrkxger3lq2ksxhuwams4hkmu6hbeahch4xxcoyyjv3jw4q?dn=udp%3A%2F%2Ftracker.moeking.me%3A6969%2Fannounce
dsc:sng3sr5vzto6gc7lkwlbeh7unchjiu7exjwbrdav5fxrrdqz4k3a?dn=udp%3A%2F%2F9.rarbg.to%3A2710%2Fannounce
dsc:xf4uqy5hltrdx4yanfipql52kucaqsa6ix7c4ei7h4wrehwchdsq?dn=TV%20Shows
dsc:lpqa5b3q5h2423z6j32lsuwwhtrcmrahsobrhqmpidiuprqgw5fa?dn=Mediaplex
dsc:kf7juf5vngyy6vxkqo5753niprlwc7wxattah6we37jgmoorzmla?dn=%23%20420
dsc:aphghusbqm7swukvpymc4uwkhv3lf7hldlwo2zbgysx6vfivjjbq?dn=FEAR%20OF%20CHAT
dsc:ta4jxveq5fqz4leabelkaslvo5kare3cco4fvs2sx53aukqxtvpa?dn=%CE%A9%20
dsc:hyhw7oftf3mhpfp5asg2ymsjnzprsq2hoxbc7vhz2a5pxfwmgphq?dn=Artistic%20Pornography
dsc:t7ynj6aw2k5rbqt3hj4nloiuh37okup6mvw5fkefo6nwuoj3muyq?dn=Software
dsc:jaxu33mpmuh5l2g5d5ars3gochokqax57npqchbp3fcqtixiikha?dn=Turner%20Classic%20movies
dsc:ji46sl35abdclt73og7lwhpakajh2rdrt7mzstdsarjjvxni5vea?dn=XXX
dsc:5etjfc5d5mbd5lqqyvipxxnhitsbxmsutvzrjitopq6s765zapeq?dn=Hallmark
dsc:qn52hi2o2sit3ikiuy7tc5dcfh7ivijgyluxt4bni6nvlmy7rqda?dn=Disney%20Channel
dsc:bvdci5u47soue37gurl7exvcwhil3i4tri3pcdxe2sheck4ves5a?dn=Western%20Channel
dsc:o45trtpcmivjj3lthnbww5tn5e5gzkq3oxjph2a2vafra3nh3ceq?dn=Movies
dsc:33pkktnnhr2waxj4ttelkentu3drxgedpbfhoqgvy3yvivahu5dq?dn=Test2
dsc:numeuqmqxoo6wca3ifbhhokd6wkaay7qc3fsiuhcfhir6abutmha?dn=Music
dsc:kcnymeuni6gnfyzpfbxn5ynlid4bzu3wsec4f472mwo57b34bxda?dn=Television
dsc:ksvtma2vkvffd35faih4q72z5hbgllg235cjcj2h4txhqdip73ea?dn=Games
dsc:vbm4qdcdmenu7bagnam3qsvtnxq6egomvkxchjyem75edtov3aya?dn=irc%3A%2F%2Firc.irchighway.net
dsc:v5rfig57cscagga4ipkmy2a2bhfp56kjacjdeip2rtf72oswxhza?dn=Audio
dsc:65lsvkv3tranhpuue5dmle6n7a6ixlqqgncmc4hhdnaerrynezta?dn=GERMAN%20CHANNEL
dsc:666hxwnejlsbd4dk2gxeehgfusqs2h7c3mjksbmauzacgz7k6vua?dn=Anime%20Russian%20Channel
dsc:gcgjujdmjfrpfasirb4hv3x4aingham6rtadrbwva3rb4vq7k43q?dn=jurebjTest
dsc:32jzo54bpi5wmssdbuwkqxanlplvlcbsalsfshafcpsmnm624rwq?dn=Conte%C3%BAdo%20Brasil
dsc:qodmy2gbgdkpfby2ksnsvizbq34iy2wk73yd27bfqlw3h47nhmeq?dn=vvn
dsc:uvfjfvrxtfnpi5hp6rdcb4x7ck2afs2y7aro3gaom33lr7evwjga?dn=Apocalypse%20Prep
dsc:nvzxv4nvjulhgjdxk7se54y6rc3ztnfyr6mmiegaos6ney3humlq?dn=awoo
dsc:txv5rscgu5xtttnrdkl6puwdbty3awpp2a26wzffi5jw7jfc7lya?dn=Technology
dsc:erxvblze4ft3r3cbwge62dc2fmwlx7ahjqk4goqir5msh2pk4muq?dn=Guns
dsc:j4fo4bdyrsrc2uhrns4xuessfn7iahf4omphdlw5ftfxm77jn2oq?dn=Kazakhstan%20users%20of%20Tixati
dsc:ze37xr45uwnb2wddnxswtyxljxghq2gsh4aobumpd3qnv6oicnia?dn=Ponies
dsc:ax6dswebfra2sy7odbbpdvjowgjibqwbrmn4czs7vrpnz2ty3cjq?dn=3596298ad5ec5b65335217f3231e2f10fc4a4264
dsc:iozi3jvrqubakrddb77xcbdk4c2syblkm5yeskep7wkhndaudozq?dn=magnet%3A%3Fxt%3Durn%3Abtih%3A4e84795c2cb818eef7f70a0b128d5f4a19a8a721%26dn%3D
dsc:ttrbgfccuxpx2lbgdwh55nl5myxl2wc7nzi7xy5rdokbiuxtigza?dn=Channel%20Key%20%3D%20%22Key%22
dsc:bb63m55tjrclxkgj3allsvdj5sh7rj3gnfbs6sz6c2rufi3pymuq?dn=https%3A%2F%2Fwww.rottentomatoes.com%2Fm%2Fthe_12th_man%2F
dsc:r35pzuskg367e632bvyz7emrysbbxnbv242u5ugp4pvnkbsawgta?dn=abc
dsc:xa36w7bydgiyizlambgs3od54hlojk4b4cbsl5supkhx5e73im7a?dn=magnet%3A%3Fxt%3Durn%3Abtih%3Atwqq5jc6a26jmf6433bzb7v2oz32x66l%26dn%3DLinuxAca
dsc:wziicfytxld2m7gkttf7ynhtazd3uf3wkzgas7g5mkos56bwfdzq?dn=spanish
dsc:5g3utxlqcgynfgjcq4hpjuxa7i5tgjwnry6l3f4shttm2trfd5wq?dn=PBBG
dsc:5p2buvy2tuvdhba74y5pyitu7uoa4yxt7ajn3jrtq2dojrhjxugq?dn=3D%20Printing
dsc:6x45zjb4n44qit7n3shcchrgbtpbri7kbxus6up4tcs45eglstiq?dn=Food%21
dsc:7xgdyh4lmzbu5upsghb375drrp4ljjylmj5fb4lyr7yhgckh5tfq?dn=Board%20Games
dsc:blwm7rx6oqkf556jvavkbuy2vjx765wfxascldh2eho53cn6ciua?dn=Marxist%20Training%20Camp%21
dsc:cjtgd575zvuab2v364nq5cxqxigaxfbhkoelkn7zotdbpykl3faa?dn=JPop%20%7C%20CPop%20%7C%20KPop
dsc:dmdmsxkydjlgalxlo4aksdgnizqkhx245jeuk4nilxket7ledywq?dn=despacito
dsc:g4vbuji52bak35dcfg7qrfmyouvvgbopdidwoaxos2a2anqise7q?dn=Hacking
dsc:gu7it3nhounhxawherydgljktfq67awge6xy3jtkq2ttmuqfs7zq?dn=Android%20APPS
dsc:gypo4enulvkr4e3bl42dyliksgzaetzmmxqwybrwjdqmbzyiay6a?dn=Everything
dsc:gzyxwex5di4kqemcjqn4ayb4o7vpzm6m64tbkaklh4ibz2jduncq?dn=Component-Level%20Electronics
dsc:hp72523tz24b7zd6qrya5tnyzkxqpccyahh6gntlq6aqphr75hda?dn=Toutorial
dsc:i44z6ukm7gvwstcxvcqiobueunl2q3e7rpq2ul66ij6d34aze4va?dn=IPT
dsc:jagxwhi6nowuk5cpvwuw7s5c5aptzvxj3mv6wq25grx7crb6vjca?dn=Imminent%20Disaster%2C%20nothing%20is%20left
dsc:kmw7zhek3l5dxi5pg7tsjwcydvqlyjegjxugx5zz3d23rzs23hia?dn=%E2%99%AA%E2%99%AB%E2%96%91%E2%96%92%E2%96%93%E2%96%8CSYNTHWAVE%E2%96%90%E2%96%93%E2%96%92%E2%96%91%E2%99%AB%E2%99%AA
dsc:kwptwx2trodjwqansqdicnpqug5hcf4civkk4vmcpi7guycuwvja?dn=Fopnu
dsc:lkhu7k56f665dknzmt2xaymakaonmpbbdqalobmkitmgs2sumx7q?dn=Confoederatio%20Helvetica
dsc:m2utkxfosi3fzjs2ozdv5t6ltjealvqo4zxc2sraqnqh2lnjb6eq?dn=Legion%20of%20the%20Swarm
dsc:nb4og3kf6r42ydgn3v2nhwbkvp2zehbna773z32xz35nq2i4xehq?dn=Game%20ROMS
dsc:pmcqruhiznqkxqmlswpf5gv2vmq2ymzaktr235y2mn7xu5qqh3xq?dn=Programming
dsc:pnvamyzscyhxqh5ngcxa23vlesaa6bnt6jno2svgtrmf5mik5faa?dn=Otaku
dsc:pxwttx7gug3sgj7e2sawk5lhveb6hhm2kgvj3by77mn4mlwcymya?dn=%20hash%2032837b072a26e4742b58dae2b
dsc:qoizwszxde6e46vu65s5kcasopm23mpxyin6mdglyttvicfqnvga?dn=%E2%96%82%E2%96%83%E2%96%85%E2%96%87%E2%96%88%E2%96%93%E2%96%92%E2%96%91%DB%A9%DB%9E%DB%A9%20%20Drum%20%27n%20Bass%20%DB%A9%DB%9E%DB%A9%E2%96%91%E2%96%92%E2%96%93%E2%96%88%20
dsc:rmcongb5f2epb44ey4jxczqxpexvnngsl2juwasgpgo3mspi57fa?dn=%23%20Anime
dsc:rwusqmqnmtmkspljh3thae7nqdtssnf4rnncz3tqpnv7d5asnqua?dn=vin7887%27s%20channel
dsc:s7wgmwft6a675vkej4mt7ejivaxg2mkw7gxdubiejejty3svmv3q?dn=%EA%99%AE%E1%8F%B4ooze%EA%99%AE%20%E2%90%8D
dsc:sdd4ebvpt5ud76w3v64i4pcuque4knfvxguv5bqpkvzaqjp4xodq?dn=TV%20Requests
dsc:tug4pxqdaowtshu5r6jobs7x2pmc3ykr6p5swjyueyy3sajocqgq?dn=splix.io
dsc:vdmhbkfs2aihpgfnzt7oz6eujhiteylo6ezvgtt3wlgweg2p2oqa?dn=Tixati%20Milestones
dsc:wixpm3a2wxggseovo7itzchm47sfin2rhqabzqpojukkqzpy7ugq?dn=Space
dsc:wklbaj53e4xzze6j4iloddh2hgj3bb3gb35pumr53t7e6ppn65ka?dn=Live%20Directory
dsc:x5hg6ivetstbu7pj447ubex3xj3dabnifasivsys7tyoifv7xtha?dn=magnet%3A%3Fxt%3Durn%3Abtih%3A89441A5EECCFA64C2D50589FDD23B1A2FC3251BE%26tr%3D
dsc:xg6l3anisjg7kt3m4stjgutwczfrte7hgaro2s4bjdii4inx3erq?dn=Visual%20Novels
dsc:yit4ekdhpaarytv3fygj36damu662h26cihignij2znb5tqohi3a?dn=dsc%3Ata4jxveq5fqz4leabelkaslvo5kare3cco4fvs2sx53aukqxtvpa%3Fdn%3D%25CE%25
dsc:zcdg5jpxlwuphtd4dtbpm6puenejy3yevnkwvmdnimvjb4nbgjqa?dn=THE_ONLY_guest629%27s%20Channel
dsc:2fyccqmce35aemdwqvmt6q3ntmrzvyfjomy4alryano2itmwnurq?dn=Chat
dsc:3go577t6nzei5wfzglp663ftjq4n2fyjnwfudc4kycjwufh6nowa?dn=magnet%3A%3Fxt%3Durn%3Abtih%3A026b225974178bd173b05690ba2031230227c0a4%26dn%3D
dsc:3hv7be7z3hsedliqsnkmymnxnf4rvv4ar5qj3vrqjcmzn23otjhq?dn=Hungarians
dsc:3wkuihnmfovl5tn2fhop2fio4vmwy6pdoouw7v55mdfsbeymbata?dn=Voxel%20Games
dsc:6zf4jc6hiwmhiqd5plxdslnosjcnchowy2vwun4c26ru53nsxkaq?dn=Gymnastics
dsc:7oq2affg3ot2kceexnixbktrjyt3gtqqmvccha4qi4uvsj7fm6na?dn=Lossless%20Music
dsc:a7keo4jv4g4ua47a5gcj4obe7geauribptja57wr265ecun7xmaa?dn=70%27s%20Vinyl%20Rips
dsc:bbf4fulhloyh6bbxm577g64ebsclfhdpcpz6nyvikjqbtze44bea?dn=ring
dsc:bzijc444p63nkhdt6fyfs5khezgd7ijgs6ejy6snlwpgfqlywjga?dn=Political%20Discussions
dsc:ck5ruqfmv4g5wb7rvfv6pmsfinpth6ul3b667almg7iq7h6dvwkq?dn=%23OnePiece
dsc:cvhq24ycyrqkzv2sz5fbdx4gc3px2ye3pre3o3tfrh5k5gz2k7kq?dn=%3Ca%20title%3D%22Magnet%20link%22%20class%3D%22kaGiantButton%20%22%20href%3D%22%2Ftorrent.php
dsc:dywz3uzs2hzdetktbkiaqlbpehdtcvsby63rmg2alv7w356i5ota?dn=taperecorder
dsc:ghyjr4hsw2jd5cdhs64wnjzdpxfezkols42hfz4suqc4cwokk4ga?dn=torrentdownloads
dsc:gi7wiznsycbmluopilgyciykmphxyykfeszt3mixrwb5i5cfp5oa?dn=may
dsc:h4lakxgajviffb75lahk4avchjvvrgiaiwodyjltxybxrp32hxdq?dn=Filmes%20Top
dsc:hejsimvdxqb5u3vcjrndbmeygtq446ndfez2vdp35j63qdtsujwa?dn=Minecraft
dsc:i5fefwlvprtqhsfq45dhr67pr7bbn3jtzolnz7qlju6fegxfoilq?dn=http%3A%2F%2Fwww.torrentants.com%2Fs%2Fcp
dsc:invc7pweytnr5ln2wiliaw5ymwlgjhojikmrse43bjhgralumena?dn=VPN
dsc:kjvwsaytehe7mt2re22d6rzgbpdswwd4ldpz3trb4rrg3zs64apa?dn=Tutoring
dsc:ksvy6bwxysxowq7edvdo3wewsxlouej6ucmjtkhresahu7tpm2nq?dn=CHANNEL%20X
dsc:lonoznj7ivihegurjcjpejkzr5jfinyjpr25snnnfbwqndcsb4xa?dn=Fopnu
dsc:ltxrj6xr6oiphyxz5zhoyyz4lnal6jxszzwwzkxlcl2tliifmq2a?dn=%E2%9A%A1%20-%20Radio%20Tixati%20-%20%E2%9A%A1
dsc:m3rumolg3vb77nvnzujyoe4nj4fdlglp3fyskcaan7g3o5efws6q?dn=RDX%20HD
dsc:n7w3conqoueax4a5ftawzj2emsbh2iacrhcrtqujc36avazz3jtq?dn=%5BAnimeRG%5D
dsc:nkhqbgimaou5m655mgoaqsyfkhdxy6wk2dsx4xei5enmsson6bda?dn=%E2%96%82%E2%96%83%E2%96%85%E2%96%86%E2%96%87%E2%96%93%E2%96%91%E2%96%BA%20ANOTHER%20WORLD%20%E2%97%84%E2%96%91%E2%96%93%E2%96%87%E2%96%86%E2%96%85%E2%96%83%E2%96%82
dsc:nkhqbgimaou5m655mgoaqsyfkhdxy6wk2dsx4xei5enmsson6bda?dn=%E2%96%82%E2%96%83%E2%96%85%E2%96%86%E2%96%87%E2%96%996%996%996%996%996%996%9OTHER%20WORLD%20%E2%97%84%E2%96%91%E2%96%93%E2%96%87%E2%96%86%E2%96%85%E2%96%83%E2%96%82
dsc:p75y5qk5qor5db5h4uc6mm75k5o4xl6po7pluw7owl73x3zjegtq?dn=Yts.am%2F
dsc:pi7jiuc6zcgmqrdawjn5xvxhif25njwt4ztk3y7dglebyk5hppfq?dn=Linux%20GAMES
dsc:qjikl5fmpq3zwmrmiwe6rhtsbkrqtc36eweyg7oityurvxbf76pq?dn=magnet%3A%3Fxt%3Durn%3Abtih%3Ad031e0bde5104ed589205e5014996143c4e1133e%26dn%3D
dsc:qljhle35iht6pwkypn4lsqi2fj4ncvxsbd5lcy4ozzifm65sco2q?dn=twitch.tv%2Fakhirra
dsc:qoizwszxde6e46vu65s5kcasopm23mpxyin6mdglyttvicfqnvga?z3d23rzs23hia?dn=%E2%99%AA%E2%99%AB%E2%96%91%E2%96%92%E2%96%93%E2%96%8CSYNTHWAVE%E2%96%90%E2%96%93%E2%96%92%E2%96%91%E2%99%AB%E2%99%AA
dsc:qoxhdioffcudaqptofpzvxep6gd27ccpxhlq47nfkbmu73g2sxwq?dn=Programming
dsc:qrphru2taglbywhrbdwvv2cyzrpat3vw5vg6psha3ogyfbvnudyq?dn=Agora%20%7C%20Anime%20%26%20Manga
dsc:qt6dsegb6fqi6rixyd3s7gsrrwwxygdrgfcddsfqdzzbh6vjwbsa?dn=Students%20Unite
dsc:tzs47h2blpxpucezaney3i5htfroxk3dqrqvioe64ll6www7xuea?dn=Stream
dsc:u276juag34faow6rby3n2pey7hc5gjow4a46uccpfhte3vnpv5yq?dn=legal%20tixati
dsc:uyiszbqluvjhvwe25sd755h7sffkluakuuxrgk7kgbdsz54ma2dq?dn=torrentant
dsc:v3jl3pb4thjj3iitgi7ldbqkym7nww2r7pu63jzu4ga3phqcjxgq?dn=Anarchy
dsc:vqhe6ozayri3lowjrs2r7b3tmnqpdekmurbbnia6tvhkjs5w4ikq?dn=BRAZIL
dsc:vvgdyu4gejeewimnba4y7mhjb3kj33nn5zipbofu4vz2bpwugivq?dn=Alexis%21%20
dsc:w4526o5gszsei2h327olmsinypmif5pmwwwkxqx6v35vot3tjuja?dn=Chess
dsc:wgarpu4knc4lxcowu42736p6fix4lixk3hhhufupcyahbythdsga?dn=Tixati%20Color%20Schemes
dsc:wh24ygtqfuomik5gpm7dbrwvo2saauo74rvoe2xcodunhzgbi6tq?dn=EZTV.AG
dsc:xbdcouyrp4cmygqrpihx23thk2spqlbld72vurq7b4f37yeebfaq?dn=Movies
dsc:xlfz2tnxc2a7456gmxycbk4qss5yilpeh4wlsli5hbj26c7lccsa?dn=Bitcoin
dsc:xyz7l6srw6hrxfiufky4uhc4g5adfbmxgkd7vlvxgxomkrmcnz3a?dn=things%20of%20interest
dsc:yvycshxsvlvxvqtlqbon35cdwhra3pcmrv56psz2kgupt2at4cka?dn=Share
dsc:z7nlxtugn5d7utdt2bvj2fuqgjubkyermtl6rzsybyr5e6gcoora?dn=netflix
dsc:zgjmlvcq5yk6vb5j25nycsw3uovsxujwevrhp4kfkqlzpstskh2a?dn=Dou%20Shou%20Qi
dsc:zlbgu2misr25pupegmbez7c7rozbyutldde4btyach5s4dkgh55a?dn=Test%20channel
